MODEL,GC,SHAREDNSPS,scoreGC,scoreShared,scoreSign,score
general,1.014,69,0.986,0.46,0,1.446
additive,0.93,73,0.93,0.486666666666667,0,1.41666666666667
dominant,0.827,68,0.827,0.453333333333333,0,1.28033333333333
