MODEL,GC,SHAREDNSPS,scoreGC,scoreShared,scoreSign,score
diplo-additive,1.033,34,0.967,0.566666666666667,0,1.53366666666667
additive,1.033,34,0.967,0.566666666666667,0,1.53366666666667
general,0.941,32,0.941,0.533333333333333,0,1.47433333333333
diplo-general,0.941,32,0.941,0.533333333333333,0,1.47433333333333
1-dom-ref,0.907,34,0.907,0.566666666666667,0,1.47366666666667
1-dom-alt,1.06,22,0.94,0.366666666666667,0,1.30666666666667
