MODEL,GC,SHAREDNSPS,scoreGC,scoreShared,scoreSign,score
diplo-additive,1.033,235,0.967,0.783333333333333,0,1.75033333333333
additive,1.033,235,0.967,0.783333333333333,0,1.75033333333333
general,0.941,233,0.941,0.776666666666667,0,1.71766666666667
diplo-general,0.941,233,0.941,0.776666666666667,0,1.71766666666667
1-dom-ref,0.907,162,0.907,0.54,0,1.447
1-dom-alt,1.06,130,0.94,0.433333333333333,0,1.37333333333333
