MODEL,GC,SHAREDNSPS,scoreGC,scoreShared,scoreSign,score
additive,0.93,336,0.93,0.56,0,1.49
general,1.014,278,0.986,0.463333333333333,0,1.44933333333333
dominant,0.827,328,0.827,0.546666666666667,0,1.37366666666667
