MODEL,GC,SHAREDNSPS,scoreGC,scoreShared,scoreSign,score
diplo-additive,1.033,471,0.967,0.785,0,1.752
additive,1.033,471,0.967,0.785,0,1.752
general,0.941,469,0.941,0.781666666666667,0,1.72266666666667
diplo-general,0.941,469,0.941,0.781666666666667,0,1.72266666666667
1-dom-ref,0.907,342,0.907,0.57,0,1.477
1-dom-alt,1.06,310,0.94,0.516666666666667,0,1.45666666666667
