MODEL,GC,SHAREDNSPS,scoreGC,scoreShared,scoreSign,score
diplo-additive,1.033,960,0.967,0.8,0,1.767
additive,1.033,960,0.967,0.8,0,1.767
general,0.941,950,0.941,0.791666666666667,0,1.73266666666667
diplo-general,0.941,950,0.941,0.791666666666667,0,1.73266666666667
1-dom-alt,1.06,649,0.94,0.540833333333333,0,1.48083333333333
1-dom-ref,0.907,669,0.907,0.5575,0,1.4645
