MODEL,GC,SHAREDNSPS,scoreGC,scoreShared,scoreSign,score
additive,0.93,152,0.93,0.506666666666667,0,1.43666666666667
general,1.014,131,0.986,0.436666666666667,0,1.42266666666667
dominant,0.827,149,0.827,0.496666666666667,0,1.32366666666667
